code,lon,lat
110101,116.422401,39.934827
110102,116.372514,39.918124
110105,116.449559,39.926375
110106,116.292402,39.864937
110107,116.229613,39.911354
110108,116.305434,39.96549
110109,116.107604,39.946147
110111,116.149444,39.754326
110112,116.663415,39.916017
110113,116.661424,40.136351
110114,116.237618,40.226413
110115,116.348625,39.732555
110116,116.638386,40.322618
110117,117.127379,40.146951
110118,116.849547,40.382176
110119,115.981632,40.462169
120101,117.221467,39.12339
120102,117.258413,39.134487
120103,117.229416,39.115718
120104,117.156515,39.144105
120105,117.203593,39.153485
120106,117.157518,39.173286
120110,117.320569,39.092332
120111,117.01441,39.148727
120112,117.363387,38.944148
120113,117.141403,39.230344
120114,117.050597,39.389871
120115,117.316601,39.723194
120116,117.717399,39.009416
120117,117.832393,39.336956
120118,116.980469,38.953371
120119,117.414579,40.051509
130102,114.545612,38.043256
130104,114.46742,38.010381
130105,114.469438,38.05712
130107,114.068632,38.070566
130108,114.537583,38.012088
130109,114.853378,38.027817
130110,114.320598,38.091749
130111,114.654576,37.905816
130121,114.151463,38.038386
130123,114.577481,38.151714
130125,114.559607,38.444239
130126,114.389478,38.314629
130127,114.618413,37.62188
130128,115.207404,38.190451
130129,114.392464,37.671667
130130,114.982439,38.185436
130131,113.985435,38.271951
130132,114.532566,37.772339
130133,114.782597,37.761859
130181,115.224451,37.949309
130183,115.050529,38.039491
130184,114.690532,38.349293
130202,118.160607,39.631043
130203,118.206399,39.630661
130204,118.453401,39.739736
130205,118.268608,39.677144
130207,118.090366,39.58154
130208,118.168541,39.838353
130209,118.46646,39.279284
130224,118.680405,39.510045
130225,118.919384,39.431931
130227,118.320384,40.147837
130229,117.745434,39.906592
130281,117.972375,40.195533
130283,118.706457,40.004184
130302,119.617475,39.940413
130303,119.782435,39.984446
130304,119.491526,39.841006
130306,119.251549,39.881414
130321,118.956481,40.412794
130322,119.169375,39.719051
130324,118.899489,39.897958
130402,114.496389,36.586692
130403,114.499433,36.642673
130404,114.479412,36.623325
130406,114.219483,36.425654
130423,114.626427,36.340766
130424,114.676577,36.449796
130425,115.154613,36.291288
130426,113.697584,36.590692
130427,114.380432,36.380359
130430,115.193395,36.817362
130431,114.896586,36.916398
130432,114.954415,36.48978
130433,115.288537,36.553957
130434,114.94545,36.366156
130435,114.963404,36.771545
130481,114.210516,36.702488
130522,114.505443,37.450789
130523,114.518493,37.292858
130524,114.699497,37.488759
130525,114.776616,37.355908
130528,114.925562,37.625612
130529,115.043587,37.227088
130530,115.248547,37.534591
130531,115.149605,37.080457
130532,115.036582,37.069096
130533,115.273618,36.981582
130534,115.674394,37.046375
130535,115.507629,36.87676
130581,115.414529,37.364069
130582,114.509474,36.861127
130602,115.465434,38.883788
130606,115.535488,38.860676
130607,115.328375,38.955441
130608,115.496606,38.771002
130609,115.66248,39.024713
130623,115.720543,39.400334
130624,114.201563,38.855351
130626,115.81441,39.269424
130627,114.559607,38.444239
130628,115.785447,38.706258
130629,115.868631,39.048559
130630,114.700476,39.366272
130631,115.161588,38.700158
130632,115.942426,38.941734
130633,115.503607,39.355054
130634,114.751455,38.628384
130635,115.590445,38.494201
130636,115.141597,38.843261
130637,115.470467,38.463408
130638,116.114601,39.00018
130681,115.98162,39.491066
130682,114.996496,38.522199
130683,115.333408,38.424828
130684,115.880569,39.332335
130702,114.513471,37.07375
130703,114.46742,38.010381
130705,115.105444,40.614592
130706,115.293517,40.508145
130708,114.747426,40.77315
130709,115.289549,40.980478
130722,114.726375,41.164944
130723,114.606356,41.858637
130724,115.695407,41.676016
130725,113.975524,41.081888
130726,114.595401,39.847089
130727,114.157524,40.109588
130728,114.392469,40.680369
130730,115.524553,40.42029
130731,115.211383,40.385834
130732,115.838506,40.918761
130802,117.949428,40.980824
130803,117.806578,40.964729
130804,117.665609,40.552043
130821,118.180456,40.774367
130822,117.507427,40.423454
130824,117.339498,40.947561
130825,117.745451,41.319899
130826,116.652393,41.215336
130827,118.491594,40.617152
130828,117.766564,41.944324
130902,114.469438,38.05712
130903,116.838612,38.316523
130921,116.884398,38.299453
130922,116.810575,38.588465
130923,116.54341,37.894514
130924,117.504418,38.149402
130925,117.237414,38.064318
130926,115.836518,38.428906
130927,116.715601,38.045188
130928,116.397392,37.633909
130929,116.12956,38.195981
130930,117.110436,38.059839
130981,116.584628,38.089257
130982,116.105605,38.717349
130983,117.336481,38.377494
130984,116.105628,38.451357
131002,116.709633,39.52616
131003,116.717614,39.528611
131022,116.30542,39.444485
131023,116.505429,39.327853
131024,117.012402,39.767939
131025,116.660409,38.710859
131026,116.464609,38.87895
131028,116.996409,39.892208
131081,116.398397,39.130921
131082,117.084588,39.9881
131102,115.681395,37.741637
131103,115.58543,37.557086
131121,115.730563,37.519364
131122,115.894514,37.807764
131123,115.989614,38.046857
131124,115.732572,38.241038
131125,115.525549,38.240507
131126,115.972602,37.353348
131127,116.277411,37.698815
131128,116.182422,37.868732
131182,115.566369,38.006941
140105,112.572396,37.742323
140106,112.569385,37.869532
140107,112.576383,37.900186
140108,112.493605,37.945943
140109,112.522577,37.864974
140110,112.484564,37.721169
140121,112.364558,37.613067
140122,112.679409,38.064621
140123,111.803591,38.073195
140181,112.182453,37.913
140212,113.146444,40.261971
140221,113.755414,40.367392
140222,114.097478,40.426412
140223,114.288586,39.766004
140224,114.241368,39.448825
140225,113.7056,39.698953
140226,112.709463,40.019623
140302,116.422401,39.934827
140303,114.068632,38.070566
140311,113.162402,39.996839
140321,113.664421,37.792796
140322,113.41842,38.09198
140423,113.057413,36.541686
140425,113.442517,36.205989
140426,113.393432,36.50867
140427,113.21358,36.121335
140428,112.884566,36.128002
140429,112.870606,36.843168
140430,112.705458,36.76219
140431,112.344452,36.506103
140502,116.422401,39.934827
140521,112.193426,35.696364
140522,112.421454,35.492181
140524,113.287407,35.781744
140525,112.794401,35.59977
140581,112.930412,35.804337
140602,112.438376,39.325303
140603,112.295525,39.517389
140621,112.822432,39.53403
140622,113.197494,39.560078
140623,112.4735,39.99486
140702,112.714504,37.70394
140721,112.981599,37.07637
140722,113.385452,37.088555
140723,113.576606,37.334808
140724,113.713613,37.617884
140725,113.18341,37.901308
140727,112.342442,37.364131
140728,112.182456,37.195601
140729,111.785618,36.853368
140781,111.923563,37.032686
140802,111.004377,35.021425
140821,110.780407,35.149542
140822,110.844576,35.421109
140823,111.23141,35.362931
140824,110.989415,35.610403
140825,111.231406,35.62263
140826,111.231406,35.62263
140827,111.676607,35.303015
140828,111.226431,35.147462
140829,111.22348,34.842925
140830,110.700612,34.699388
140881,110.454578,34.87283
140882,110.718572,35.601927
140902,112.752614,38.40988
140921,112.963529,38.479974
140922,113.261451,38.734182
140923,112.966552,39.072728
140924,113.271408,39.195237
140925,112.326398,39.024342
140926,111.945432,38.365147
140927,112.217383,39.096876
140928,111.85341,38.91702
140929,111.579478,38.710151
140930,111.144449,39.390702
140931,111.092542,39.028337
140932,111.514474,39.44223
140981,112.717487,38.736476
141002,111.58643,36.084562
141021,111.482396,35.647327
141022,111.725376,35.744429
141023,111.44854,35.882063
141024,111.681589,36.259467
141025,111.926573,36.272338
141026,112.256613,36.153514
141027,111.855385,35.974393
141028,110.688546,36.103999
141029,110.853498,35.976442
141030,110.759384,36.471306
141031,110.947591,36.699061
141032,110.638416,36.765909
141033,111.102474,36.418005
141034,111.569546,36.658782
141081,111.378397,35.625365
141082,111.761509,36.574607
141102,111.157491,37.523577
141121,112.035599,37.4443
141122,112.162568,37.557772
141123,115.81441,39.269424
141124,110.998415,37.957211
141125,110.89539,37.435493
141126,110.841596,37.004471
141127,111.579478,38.710151
141128,111.25037,37.90102
141129,111.18563,37.362873
141130,111.187628,36.987873
141181,111.785606,37.151063
141182,111.794597,37.271292
150102,111.67162,40.863877
150103,111.63047,40.814506
150104,111.681575,40.758059
150105,111.708421,40.798394
150121,111.169587,40.735294
150122,111.200575,40.283147
150123,111.82843,40.384798
150124,111.653576,39.926334
150125,111.457497,41.102419
150202,110.050395,40.582228
150203,109.845538,40.647644
150204,109.907416,40.649473
150205,110.278381,40.678299
150206,109.979626,41.774995
150207,109.969588,40.613397
150221,110.530389,40.575127
150222,110.066433,41.040163
150223,110.439521,41.704549
150302,106.829439,39.696908
150303,106.898471,39.446828
150304,106.732606,39.511469
150402,118.963564,42.270478
150403,119.295405,42.045125
150404,118.939414,42.292482
150421,120.072614,43.877953
150422,119.386443,43.976383
150423,118.670394,43.540132
150424,118.062461,43.62421
150425,117.55162,43.270758
150426,119.012509,42.942019
150428,118.710474,41.932214
150429,119.350609,41.600245
150430,119.927578,42.296507
150502,122.262457,43.628712
150521,123.318589,44.132294
150522,122.363563,42.939562
150523,121.325386,43.606369
150524,121.817406,42.741211
150525,120.664646,42.871846
150526,120.918626,44.562213
150581,119.670466,45.537513
150602,109.96956,39.827987
150603,109.869627,39.616378
150621,110.040366,40.418907
150622,111.246398,39.87054
150623,107.484585,38.188217
150624,107.982445,39.095293
150625,108.742413,39.838816
150626,108.824435,38.610027
150627,109.75459,39.570093
150702,119.742465,49.218216
150703,117.385436,49.604099
150721,123.46544,48.131971
150722,124.525576,48.482896
150723,123.732345,50.597948
150724,119.761351,49.153045
150725,119.430462,49.334914
150726,118.276608,48.223787
150727,116.830632,48.677054
150781,117.385436,49.604099
150782,120.718347,49.292024
150783,122.744454,48.019956
150784,120.186634,50.248132
150785,121.527585,50.78614
150802,107.369534,40.756681
150821,108.273491,41.094455
150822,107.014522,40.33647
150823,108.658615,40.742104
150824,108.519512,41.593346
150825,107.081546,41.089422
150826,107.157372,40.892179
150902,113.120587,41.041146
150921,112.58441,40.900292
150922,114.016409,41.909603
150923,113.584639,41.567567
150924,113.840579,40.879342
150925,112.5106,40.537163
150926,113.221605,40.791267
150927,112.64258,41.283273
150928,113.198531,41.441771
150929,111.712419,41.539353
150981,113.116601,40.441805
152201,122.099622,46.078654
152202,119.950653,47.183054
152221,121.964553,46.082649
152222,121.483548,45.066471
152223,122.906444,46.72919
152224,121.600545,45.38783
152501,111.958363,43.6488
152502,116.093614,43.938334
152522,114.957367,44.028102
152523,113.67348,43.865554
152524,112.648569,42.747369
152525,116.978504,45.515743
152526,117.616377,44.593803
152527,115.290535,41.882292
152528,113.854505,42.237661
152529,115.036622,42.292605
152530,115.998604,42.247119
152531,116.492509,42.208921
152921,105.672599,38.839094
152922,101.673464,39.222241
152923,101.062403,41.960298
210102,117.221467,39.12339
210103,123.465461,41.802274
210104,123.476405,41.811425
210105,123.431621,41.826042
210106,123.383436,41.809038
210111,123.350435,41.671254
210112,123.567539,41.849226
210113,123.533605,42.058914
210114,123.314633,41.799668
210115,122.772378,41.523149
210123,123.337511,42.749925
210124,123.414621,42.509607
210181,122.875395,42.007109
210202,121.651547,38.924511
210203,121.618625,38.920473
210204,121.594507,38.913544
210211,121.531519,38.958002
210212,121.268597,38.856832
210213,121.789436,39.056433
210214,121.94646,39.398089
210224,122.594627,39.27827
210281,121.985638,39.632741
210283,122.974495,39.686956
210302,122.9974,41.096332
210303,123.383436,41.809038
210304,123.035484,41.156116
210311,122.967574,41.080939
210321,122.44255,41.41859
210323,123.287547,40.295892
210381,122.691569,40.887634
210402,123.919582,41.867806
210403,124.04555,41.859191
210404,123.790604,41.85903
210411,123.951414,41.889164
210421,123.92159,41.887037
210422,125.046356,41.739969
210423,124.93036,42.106761
210502,123.774614,41.301604
210503,123.774611,41.334803
210504,123.823474,41.314939
210505,123.751467,41.107096
210521,124.127585,41.307903
210522,125.367544,41.272925
210602,124.402584,40.142251
210603,124.366579,40.110719
210604,124.434387,40.164697
210624,124.790427,40.737553
210681,124.15961,39.867716
210682,124.072422,40.45918
210702,121.134585,41.122901
210703,121.15759,41.120691
210711,121.110453,41.115109
210726,122.130557,41.671593
210727,113.975524,41.081888
210781,121.362539,41.166488
210782,121.783447,41.594428
210802,122.265437,40.678764
210803,122.213582,40.672111
210804,122.127573,40.23234
210811,122.386439,40.686384
210881,122.355591,40.406167
210882,122.51538,40.650802
210902,121.669436,42.023735
210903,121.799363,42.093935
210904,121.685384,42.016968
210905,121.422479,41.789319
210911,121.686392,42.031871
210921,121.763574,42.071368
210922,122.545449,42.392707
211002,123.180608,41.275845
211003,123.191605,41.268438
211004,123.20358,41.223368
211005,123.426615,41.157327
211011,123.188604,41.259226
211021,123.112421,41.211679
211081,123.345462,41.432474
211102,122.046393,41.206072
211103,122.076499,41.164499
211104,122.088555,41.008179
211122,122.00356,41.248264
211202,123.848386,42.292574
211204,124.165563,42.552495
211221,123.735372,42.229226
211223,124.733615,42.744014
211224,124.117501,42.792178
211281,123.573509,42.473738
211282,124.044569,42.552079
211302,120.460487,41.571779
211303,120.443567,41.598469
211321,120.259391,41.241076
211322,119.64938,41.409456
211324,119.747414,41.133689
211381,120.777628,41.806483
211382,119.407358,41.251651
211402,120.876482,40.780894
211403,120.900621,40.741057
211404,120.756493,41.113098
211421,120.350425,40.331843
211422,119.843595,40.83038
211481,120.764558,40.616556
220102,125.35661,43.869873
220103,125.334625,43.949502
220104,116.449559,39.926375
220105,125.380468,43.871277
220106,125.262443,43.88681
220112,125.671448,43.531091
220113,125.845564,44.157792
220122,125.191484,44.438904
220182,126.539609,44.84544
220183,125.734515,44.527161
220184,124.829449,43.510833
220202,126.581449,43.887992
220203,126.568545,43.916343
220204,126.54765,43.839927
220211,126.56857,43.827152
220221,126.504416,43.678721
220281,127.35148,43.730004
220282,126.752484,42.977983
220283,126.971377,44.41227
220284,126.066616,42.951817
220302,123.383436,41.809038
220303,122.9974,41.096332
220322,124.342401,43.313346
220323,125.311485,43.351104
220382,123.509438,43.524527
220402,125.143452,42.907634
220403,125.155373,42.933308
220421,125.537378,42.683311
220422,124.997589,42.931879
220502,125.933595,41.708405
220503,126.049592,41.779966
220521,125.765392,41.685682
220523,126.053581,42.6907
220524,125.751424,42.290871
220581,125.717608,42.544884
220582,126.199577,41.1313
220602,126.42362,41.950424
220605,126.597391,42.062939
220621,127.455371,42.227335
220622,126.819499,42.394766
220623,128.207584,41.425896
220681,126.924582,41.817679
220702,124.823423,45.178039
220721,124.830456,45.123416
220722,123.974374,44.281638
220723,124.047564,45.008434
220781,126.056606,44.994168
220802,122.85751,45.627525
220821,123.206576,45.853117
220822,123.094521,44.818964
220881,122.794468,45.341132
220882,124.298504,45.513045
222401,129.52052,42.912717
222402,129.850382,42.974283
222403,128.238612,43.378291
222404,130.372613,42.868515
222405,129.432635,42.771535
222406,129.017387,42.552323
222424,129.777609,43.318451
222426,128.905448,43.117917
230102,126.623432,45.761844
230103,126.675638,45.765866
230104,126.655604,45.797776
230108,126.643547,45.603862
230109,126.516483,45.808593
230110,126.669624,45.71362
230111,126.594399,45.89521
230112,126.964356,45.554275
230113,126.319623,45.388112
230123,129.57452,46.33126
230124,128.835634,45.857758
230125,127.473497,45.752465
230126,127.410548,46.091283
230127,128.050356,45.956871
230128,128.752416,45.996393
230129,128.338606,45.457641
230183,128.015488,45.215474
230184,127.173529,44.937843
230202,123.964376,47.323577
230203,123.96135,47.360555
230204,123.984416,47.347019
230205,123.829406,47.161332
230206,123.63651,47.215504
230207,122.894367,47.523236
230208,123.759541,47.31555
230221,123.211539,47.343606
230223,125.312482,47.899484
230224,123.423626,46.397829
230225,123.512486,47.926884
230227,124.480542,47.780228
230229,125.881378,48.043172
230230,126.255387,48.048244
230231,126.105421,47.601867
230281,124.890549,48.490087
230302,130.987632,45.309806
230303,130.911385,45.216972
230304,130.85058,45.354434
230305,130.703396,45.098242
230306,131.018469,45.344435
230307,130.484536,45.217935
230321,131.130558,45.266185
230381,132.943466,45.768947
230382,131.853531,45.535641
230402,130.300468,47.348581
230403,130.281617,47.32443
230404,130.29354,47.321246
230405,130.245546,47.258716
230406,130.323361,47.344987
230407,130.317364,47.396045
230421,130.835495,47.583422
230422,131.859487,47.295265
230502,131.165342,46.652586
230503,131.164377,46.464596
230505,131.345657,46.602012
230506,119.295405,42.045125
230521,131.147434,46.734518
230522,131.814595,46.772973
230523,132.203594,46.332652
230524,134.020469,46.804183
230602,125.13351,46.638936
230603,125.140473,46.567678
230604,124.877599,46.658078
230605,124.897477,46.404313
230606,124.819377,46.045584
230621,125.275368,45.705108
230622,125.084573,45.524153
230623,124.86965,47.177234
230624,124.449359,46.868768
230719,128.842579,47.846436
230722,130.410555,48.894983
230781,128.038365,46.992949
230803,130.300468,47.348581
230804,130.372612,46.813512
230805,130.372612,46.813512
230811,113.162402,39.996839
230822,130.560385,46.245077
230826,130.725549,47.028817
230828,129.911645,46.735327
230881,132.517509,47.647981
230882,132.044539,47.255933
230883,134.31449,48.370945
230902,130.938371,45.82231
230903,131.026444,45.7718
230904,131.074481,45.791238
230921,130.598533,45.760964
231002,129.633478,44.58746
231003,129.642527,44.601775
231004,129.598364,44.60235
231005,125.155373,42.933308
231025,130.287579,45.284129
231081,131.157392,44.418154
231083,129.387427,44.599872
231084,129.489368,44.346984
231085,130.530559,44.924785
231086,131.131544,44.096101
231102,127.506632,50.25771
231123,128.485585,49.569491
231124,127.342388,49.431451
231181,126.49738,48.24742
231182,126.211555,48.52261
231202,126.991449,46.643493
231221,126.492385,46.839168
231222,126.29462,46.258095
231223,126.100489,46.710685
231224,127.514612,46.885744
231225,125.912483,47.179483
231226,127.120515,47.242516
231281,125.348622,46.425719
231282,125.968537,46.056938
231283,126.936509,47.456904
232721,126.65965,51.730947
232722,124.716513,52.340305
310101,121.491586,31.237247
310104,121.443396,31.194557
310105,121.430454,31.226848
310106,121.453432,31.233845
310107,121.403569,31.254973
310109,121.511586,31.269747
310110,121.53252,31.265524
310112,121.388612,31.118843
310113,119.295405,42.045125
310114,121.272595,31.380155
310115,121.550455,31.227348
310116,121.34848,30.747852
310117,121.23448,31.037135
310118,121.130553,31.155454
310120,121.480504,30.92372
310151,121.403557,31.62857
320102,118.804413,32.054757
320104,118.800407,32.045139
320105,118.738569,32.00937
320106,118.776519,32.072405
320111,118.634604,32.064679
320113,118.915423,32.1026
320114,118.785445,31.997859
320115,118.846567,31.958527
320116,118.827471,32.328666
320117,119.034404,31.657284
320118,118.898498,31.333639
320205,120.363426,31.594762
320206,120.304596,31.686741
320211,120.291548,31.53464
320213,120.3096,31.571645
320214,120.370396,31.55485
320281,120.370396,31.55485
320282,119.831606,31.342957
320302,118.776519,32.072405
320303,117.258424,34.259087
320305,117.46943,34.44162
320311,117.20059,34.249943
320312,117.17557,34.1861
320321,124.733615,42.744014
320322,116.942586,34.765152
320324,117.947433,33.918789
320381,118.361537,34.375611
320382,117.963411,34.339753
320402,119.980463,31.78557
320404,119.908463,31.807647
320411,119.977514,31.836324
320412,119.948612,31.706447
320413,119.604571,31.728893
320481,119.491506,31.422102
320505,120.578472,31.301933
320506,120.638508,31.268261
320507,120.648566,31.37469
320508,120.623455,31.341831
320509,120.651567,31.144644
320581,120.759496,31.659538
320582,120.561554,31.881141
320583,120.987452,31.390863
320585,121.135595,31.464599
320612,116.663415,39.916017
320613,120.86342,32.015923
320623,121.192438,32.335873
320681,121.663474,31.814233
320682,120.579466,32.377851
320703,119.346588,34.765337
320706,121.669436,42.023735
320707,119.179435,34.847682
320722,118.759565,34.547919
320723,119.246534,34.288616
320724,119.322538,34.092591
320803,119.147463,33.509
320804,119.041422,33.63815
320812,119.032414,33.558562
320813,118.879584,33.299625
320826,119.266448,33.787079
320830,118.551441,33.018255
320831,119.026469,33.031284
320902,120.204578,33.395893
320903,120.160503,33.34402
320904,120.507439,33.20476
320921,119.584601,34.204743
320922,119.827621,33.995647
320923,119.809581,33.765079
320924,120.264446,33.781014
320925,119.805531,33.469833
320981,120.326537,32.872716
321002,119.438505,32.400661
321003,119.404385,32.382751
321012,119.576603,32.440295
321023,119.365556,33.247205
321081,119.191467,32.27809
321084,119.465616,32.787147
321102,119.475604,32.203785
321111,119.41844,32.201495
321112,119.440501,32.13792
321181,119.612501,32.01592
321182,119.80352,32.242967
321183,119.175433,31.950923
321202,119.925525,32.496732
321203,119.888421,32.324862
321204,120.133398,32.515234
321281,119.857514,32.917824
321282,120.283532,31.98817
321283,120.058599,32.177474
321302,118.249567,33.968678
321311,118.336401,33.954804
321322,118.810419,34.117454
321323,118.709466,33.728328
321324,118.222416,33.465733
330102,120.175579,30.248398
330105,120.148447,30.324643
330106,120.136438,30.265916
330108,120.218471,30.214333
330109,120.218471,30.214333
330110,120.306592,30.424739
330111,119.966556,30.054723
330122,119.697599,29.798585
330127,119.048392,29.61495
330182,119.287398,29.481154
330203,121.557403,29.865721
330205,121.560421,29.892948
330206,121.850576,29.904659
330211,121.722519,29.954885
330212,121.555427,29.824206
330225,121.875564,29.482271
330226,121.436432,29.294317
330281,121.160585,30.042735
330282,121.272596,30.175257
330302,120.661586,28.020352
330303,120.819468,27.938652
330304,120.621447,27.972857
330305,121.163549,27.84187
330324,120.688524,28.15645
330326,120.572515,27.667724
330327,120.433595,27.523067
330328,120.097488,27.793217
330329,119.723537,27.562171
330381,120.661582,27.783951
330382,120.992502,28.11818
330402,120.78961,30.751547
330411,120.715437,30.770207
330421,120.932511,30.837122
330424,120.952445,30.531873
330481,120.686565,30.517924
330482,121.022575,30.682241
330483,120.571543,30.636311
330502,120.191605,30.862955
330503,120.424601,30.855243
330521,119.983465,30.548628
330522,119.917498,31.032579
330523,119.686563,30.644425
330602,120.588437,29.99531
330603,120.451511,30.079004
330604,120.87451,30.038243
330624,120.91057,29.505541
330681,120.253408,29.714935
330683,120.837437,29.567327
330702,119.578593,29.091775
330703,119.699582,29.104765
330723,119.822566,28.898244
330726,119.898436,29.458693
330727,120.456513,29.060103
330781,119.466599,29.214044
330782,120.081581,29.31115
330783,120.248422,29.295861
330784,120.054551,28.894204
330802,118.877584,28.974204
330803,118.965539,28.986238
330822,118.517557,28.906998
330824,118.421459,29.143188
330825,119.178418,29.034487
330881,118.633583,28.742868
330902,122.113601,30.025462
330903,121.403569,31.254973
330921,122.232605,30.269656
330922,122.457588,30.731274
331002,121.449408,28.679258
331003,121.268566,28.655334
331004,121.371578,28.586947
331022,121.402554,29.110355
331023,121.013553,29.149514
331024,120.735435,28.853226
331081,121.392589,28.377655
331082,121.151585,28.864049
331102,119.919519,28.451745
331121,120.296573,28.145488
331122,120.097478,28.665215
331123,119.282435,28.598455
331124,119.488544,28.455056
331125,119.579597,28.12147
331126,119.069487,27.625432
331127,119.64243,27.979554
331181,119.148445,28.080509
340102,117.315587,31.863787
340103,117.271459,31.884887
340104,117.266461,31.857378
340111,117.316576,31.799293
340121,117.17356,32.483723
340122,117.475401,31.89389
340123,117.164558,31.712962
340124,117.293577,31.261328
340181,117.895576,31.629002
340202,118.392606,31.345867
340207,118.397588,31.375805
340209,118.37958,31.317566
340223,118.340418,30.92026
340302,117.399513,32.948644
340303,117.379441,32.923379
340304,117.348452,32.93531
340311,117.366383,32.970547
340321,117.211506,32.976004
340322,117.887561,33.132709
340323,117.323548,33.323274
340402,117.059583,32.63727
340403,117.023445,32.653323
340404,116.865439,32.606255
340405,116.840564,32.637137
340406,116.841581,32.777955
340421,116.717573,32.715104
340422,114.389478,38.314629
340503,118.499606,31.725473
340504,118.505597,31.687745
340506,118.504605,31.576649
340521,118.504605,31.576649
340522,118.129204,31.740485
340523,114.690548,37.010998
340602,116.834612,33.997285
340603,116.800521,33.965827
340604,116.819599,33.901574
340621,116.772389,33.921629
340705,117.821457,30.940386
340706,117.798568,30.958512
340711,113.162402,39.996839
340722,117.226437,30.705671
340802,117.097514,30.517523
340803,117.040538,30.518232
340811,116.993441,30.619676
340822,116.836593,30.7394
340825,116.315476,30.460113
340826,116.135524,30.159787
340827,116.70059,30.129968
340828,116.366555,30.855228
340881,116.980466,31.041969
341002,118.321418,29.702144
341003,118.14761,30.278651
341004,118.343436,29.834221
341021,118.42146,29.866288
341022,118.20543,29.795459
341023,117.944477,29.931047
341024,117.723393,29.860344
341102,118.312441,32.300867
341103,118.423482,32.206132
341122,118.442412,32.45845
341124,118.280584,32.09194
341125,117.704471,32.537047
341126,117.538585,32.880977
341181,118.950489,32.794116
341182,117.99551,32.783023
341202,115.813411,32.889625
341203,115.863617,32.917362
341204,115.815426,32.931314
341221,115.267616,33.04596
341222,115.628615,33.16596
341225,115.602546,32.664097
341226,116.263477,32.659028
341282,115.38061,33.262775
341302,116.98348,33.646131
341321,116.372524,34.448428
341322,116.953585,34.194269
341323,117.564557,33.547892
341324,122.457588,30.731274
341502,116.545438,31.756288
341503,116.48655,31.743626
341504,115.947476,31.835263
341522,115.947476,31.835263
341523,116.955602,31.467692
341524,115.940441,31.733462
341525,116.339576,31.398571
341602,115.785472,33.882663
341621,116.221609,33.498567
341622,116.571589,33.271658
341623,116.191494,33.155596
341702,117.57449,30.693858
341721,117.034481,30.116535
341722,117.492394,30.21653
341723,117.853431,30.645634
341802,118.762549,30.952158
341821,119.186466,31.132682
341823,118.426435,30.694672
341824,118.585444,30.073292
341825,118.546467,30.292481
341881,118.98961,30.639352
350102,118.776519,32.072405
350103,119.320528,26.058528
350104,119.280432,26.052842
350105,119.445519,26.004534
350111,119.334579,26.087214
350121,119.138482,26.156035
350122,119.546479,26.203583
350123,119.55648,26.495496
350124,118.869577,26.226848
350125,118.938431,25.872787
350128,119.796501,25.5047
350181,119.390465,25.726343
350203,118.088408,24.451948
350205,118.039562,24.490326
350206,118.153588,24.517573
350211,118.103435,24.582019
350212,118.158563,24.729114
350213,118.254576,24.624216
350302,119.001536,25.424344
350303,119.122567,25.464464
350304,119.019482,25.439754
350305,119.111571,25.323654
350322,118.698454,25.368291
350404,117.614415,26.240219
350421,117.208518,26.361854
350423,116.823593,26.183357
350424,116.660426,26.267956
350425,117.85344,25.698933
350426,118.19744,26.176218
350428,117.477409,26.73521
350429,117.182596,26.90566
350430,116.852506,26.836825
350481,117.371443,25.948144
350502,118.593481,24.913354
350503,118.61958,24.89497
350504,118.677416,24.946214
350505,118.922433,25.13965
350521,118.803416,25.03695
350524,118.192425,25.06176
350525,118.300486,25.327974
350526,118.24755,25.497309
350527,118.330415,24.440445
350581,118.654519,24.737665
350582,118.558431,24.787825
350583,118.392572,24.966362
350602,117.66059,24.516268
350603,117.716455,24.50951
350622,117.346448,23.964073
350623,117.620443,24.123462
350624,117.182559,23.717054
350626,117.43656,23.706895
350627,117.363446,24.520852
350628,117.322552,24.368365
350629,117.540586,25.010068
350702,118.188451,26.643808
350703,118.127525,27.337502
350721,117.816519,26.799104
350722,118.547439,27.92339
350723,117.340482,27.547273
350724,118.791454,27.532555
350725,118.863587,27.371749
350781,117.49942,27.34647
350782,118.041577,27.762554
350783,118.311461,27.028955
350802,117.043543,25.104078
350803,116.892447,24.869137
350821,116.363568,25.839185
350823,116.426443,25.05557
350824,116.107589,25.100855
350825,116.760446,25.716337
350881,117.426556,25.295743
350902,119.533442,26.666739
350921,120.011427,26.891349
350922,118.752578,26.583262
350923,118.992596,26.914265
350924,119.511425,27.46665
350925,119.345567,27.110239
350926,119.907457,27.239962
350981,119.654406,27.094324
350982,120.223452,27.330525
360102,115.905466,28.691259
360103,120.136438,30.265916
360104,115.931416,28.627236
360111,115.968552,28.687596
360112,115.821451,28.698749
360121,115.95046,28.551604
360123,115.555441,28.850794
360124,116.248538,28.382759
360202,117.190579,29.278854
360203,117.209548,29.305778
360222,117.221466,29.357788
360281,117.158511,28.984364
360302,113.87744,27.621308
360313,113.7405,27.645875
360321,113.968541,27.133463
360322,113.801538,27.886416
360323,114.036519,27.636605
360402,115.995599,29.677495
360403,115.996558,29.733094
360423,115.107442,29.262352
360424,114.553568,29.031176
360425,115.815407,29.028006
360426,115.762578,29.319172
360428,116.210552,29.278965
360429,116.258471,29.737132
360430,116.55551,29.902122
360481,115.68743,29.681951
360482,115.762578,29.319172
360483,116.051426,29.454539
360502,114.951424,27.80684
360521,114.698472,27.820731
360602,117.043548,28.245078
360681,117.251399,28.298735
360702,114.927551,25.823747
360703,114.771538,25.667053
360722,114.929521,25.391975
360723,114.368407,25.407637
360724,114.558549,25.790519
360725,114.314572,25.687687
360726,115.400559,25.142743
360728,115.034564,24.789784
360729,114.536582,24.748206
360730,116.015494,26.47598
360731,115.421499,25.957894
360732,115.369552,26.343883
360733,115.79246,25.606662
360734,115.653515,24.969447
360735,116.352594,26.318972
360781,116.033421,25.891666
360802,115.001539,27.149315
360803,115.021561,27.087663
360821,114.914591,27.044989
360822,115.14257,27.23526
360823,115.322403,27.588235
360824,115.393595,27.746081
360825,115.447402,27.324342
360826,114.915591,26.795697
360827,114.527562,26.319517
360828,114.792577,26.464073
360829,114.626478,27.399076
360830,114.249415,26.951537
360881,114.295556,26.75371
360902,114.434561,27.802583
360921,115.406551,28.694029
360922,114.452537,28.112133
360923,114.931541,28.238815
360924,114.700858,28.400373
360925,115.369553,28.867082
360926,114.377411,28.527083
360981,115.777478,28.166614
360982,115.552419,28.062153
360983,115.382565,28.422857
361002,116.31849,27.940459
361021,116.643399,27.576241
361022,116.914507,27.28834
361023,116.531404,27.224734
361024,116.083549,27.75908
361025,115.837496,27.43408
361026,116.242542,27.560563
361027,116.760404,27.925329
361028,117.06657,27.711846
361030,116.342561,26.848454
361102,117.973412,28.437628
361103,118.19742,28.442615
361123,118.251563,28.68775
361124,117.716422,28.321505
361125,117.602397,28.41344
361126,117.455506,28.384082
361127,116.701601,28.707866
361128,116.710566,29.011453
361129,117.064599,28.700054
361130,117.868445,29.254039
361181,117.58548,28.952565
370102,117.082567,36.672163
370103,117.004399,36.657552
370104,116.907458,36.657562
370105,116.993399,36.684068
370112,117.07159,36.685656
370113,116.758387,36.560216
370117,117.817496,36.064719
370124,116.462617,36.294861
370126,117.16353,37.314971
370202,120.418585,36.081466
370203,120.381404,36.09345
370211,120.204547,35.966383
370212,120.475397,36.113499
370213,120.439603,36.151025
370214,120.402527,36.312886
370281,120.039535,36.270349
370283,119.994414,36.782692
370285,120.524556,36.893956
370302,117.973412,36.649835
370303,118.024591,36.811942
370304,117.868469,36.500848
370305,118.315395,36.832294
370306,117.876482,36.808994
370321,118.104434,36.965608
370322,117.833394,37.177269
370323,118.177489,36.190917
370402,117.004399,36.657552
370403,117.269458,34.801125
370404,117.596391,34.7786
370405,117.740425,34.568763
370406,117.467443,35.105692
370481,117.172565,35.120035
370502,118.588463,37.454847
370503,121.594507,38.913544
370505,118.581432,37.578555
370522,118.261618,37.49586
370523,118.413499,37.059638
370602,121.40654,37.546313
370611,121.274605,37.503668
370612,121.606549,37.392915
370613,121.451381,37.517649
370681,120.485369,37.652555
370682,120.718414,36.984636
370683,119.948593,37.182637
370685,120.440602,37.361137
370686,120.856417,37.341418
370687,121.180458,36.69327
370702,119.031429,36.732854
370703,119.226615,36.780744
370704,119.172401,36.660742
370705,119.139471,36.712752
370724,118.54945,36.51913
370725,118.836488,36.712996
370781,118.486537,36.690417
370782,119.416402,36.002009
370783,118.797415,36.861922
370784,119.225608,36.483842
370785,119.762411,36.388957
370786,119.404406,36.865161
370811,116.55447,35.493731
370812,116.805536,35.599737
370826,117.135414,34.813315
370827,116.657393,35.017888
370828,116.31853,35.072569
370829,116.348613,35.413255
370830,116.505441,35.717055
370831,117.257429,35.6706
370832,116.10262,35.808064
370881,116.993416,35.587372
370883,117.014404,35.407521
370902,117.141411,36.199445
370911,117.048556,36.193291
370921,116.812579,35.764539
370923,116.477594,35.941908
370982,117.774606,35.91462
370983,116.775401,36.188811
371002,122.129538,37.507968
371003,122.064428,37.200113
371082,122.492505,37.171318
371083,121.546429,36.925177
371102,119.468624,35.431049
371103,119.32553,35.127432
371121,119.21558,35.755697
371122,118.843538,35.585872
371302,118.3545,35.05734
371311,118.291513,35.002504
371312,117.258413,39.134487
371321,118.471492,35.556098
371322,118.373587,34.619226
371323,118.634617,35.796181
371324,118.077409,34.863616
371325,117.984425,35.272304
371326,117.646541,35.51202
371327,118.841541,35.180812
371328,117.951415,35.716347
371329,118.657495,34.926019
371402,116.305449,37.456993
371403,116.77141,37.476844
371422,116.806538,37.658019
371423,117.391452,37.781585
371424,116.873404,37.196169
371425,116.769387,36.789945
371426,116.440505,37.171221
371427,116.008534,36.954155
371428,116.075506,37.219222
371481,117.238406,37.735925
371482,116.644371,36.940242
371502,115.994587,36.440378
371521,115.798396,36.120816
371522,115.677397,36.239907
371524,116.254493,36.340958
371525,115.449396,36.490243
371526,116.235604,36.851591
371581,115.71147,36.844289
371602,118.026604,37.436843
371603,118.105454,37.705298
371621,117.51651,37.495803
371622,117.584437,37.647338
371623,117.632457,37.777567
371625,118.117493,37.160477
371702,115.423443,35.257018
371703,115.579437,35.077275
371721,115.548457,34.831809
371722,116.111584,34.784658
371723,115.896519,34.958606
371724,116.210258,35.402062
371725,115.950451,35.605902
371726,115.516607,35.569204
371728,115.096417,35.295702
410102,113.619476,34.754451
410103,113.64641,34.731045
410104,113.683525,34.759674
410105,113.666448,34.80607
410106,113.315497,34.808819
410108,113.623455,34.87352
410122,113.982485,34.725011
410181,113.028431,34.754097
410182,113.389423,34.793811
410183,113.397391,34.545898
410184,113.746434,34.401766
410185,113.056423,34.459697
410202,114.361413,34.822036
410203,114.361413,34.822036
410204,118.776519,32.072405
410205,114.361413,34.822036
410212,114.452186,34.726004
410221,114.789592,34.554857
410222,114.473436,34.486772
410223,114.199561,34.417228
410225,114.827461,34.828493
410302,112.476504,34.689601
410303,112.4344,34.666768
410304,112.506604,34.685462
410305,112.402552,34.663469
410311,112.470469,34.624705
410323,112.14061,34.734383
410324,111.622427,33.791822
410325,112.092408,34.140722
410326,112.479503,34.159843
410327,112.179465,34.541047
410328,111.659587,34.394985
410329,112.432407,34.427646
410402,114.469438,38.05712
410403,113.341611,33.740376
410404,112.905455,33.904754
410411,113.250515,33.68579
410421,113.061447,33.874746
410422,113.363582,33.632492
410423,112.914434,33.744879
410425,113.219606,33.977486
410481,113.53141,33.299431
410482,112.85055,34.172768
410502,114.363374,36.096833
410503,114.362382,36.113132
410505,114.309598,36.115758
410506,114.307593,36.082753
410522,114.238382,36.218907
410523,114.363409,35.927644
410526,114.525553,35.581045
410527,114.907589,35.97695
410581,113.82559,36.088853
410602,114.169555,35.96028
410603,114.190621,35.90337
410611,114.305591,35.746953
410621,114.557608,35.681917
410622,114.21549,35.627277
410702,113.881416,35.310136
410703,113.872439,35.308459
410704,113.912459,35.375665
410711,113.915513,35.321023
410721,113.811594,35.196564
410724,113.663417,35.265809
410725,113.946624,35.071164
410726,114.211512,35.147807
410727,114.425606,35.046858
410781,114.071601,35.404069
410782,113.811573,35.467958
410802,113.237572,35.24631
410803,113.189448,35.242617
410804,113.328544,35.261894
410811,113.260484,35.220272
410821,113.454582,35.229323
410822,113.070478,35.177308
410823,113.408396,35.105838
410825,113.086569,34.946135
410882,112.957517,35.093786
410883,112.797395,34.913598
410902,115.080413,35.783633
410922,115.110472,35.891308
410923,115.211386,36.076031
410926,115.510586,35.857655
410927,115.878568,35.975013
410928,115.035584,35.717889
411002,113.829596,34.030861
411024,114.18562,34.107963
411025,113.513431,33.856968
411081,113.495505,34.146082
411082,113.774421,34.223016
411102,113.990414,33.578423
411103,114.013394,33.593416
411104,114.100467,33.592468
411121,113.61549,33.443578
411122,113.937578,33.832692
411202,111.195574,34.775997
411203,111.109451,34.726915
411221,111.768542,34.773197
411224,111.054564,34.059925
411281,111.880515,34.753028
411282,110.900408,34.523143
411302,112.546454,33.00987
411303,112.541462,32.992484
411321,112.435425,33.496186
411322,113.018503,33.260539
411323,111.480398,33.313316
411324,112.241544,33.039719
411325,111.855425,33.051203
411326,111.497432,33.144185
411327,112.954493,33.062237
411328,112.813424,32.687721
411329,112.36655,32.526632
411330,113.434473,32.385131
411381,112.09342,32.693917
411402,115.620602,34.449471
411403,115.659476,34.394152
411421,115.154576,34.652479
411422,115.078411,34.451617
411423,115.320418,34.466634
411424,115.312435,34.09736
411425,115.834473,34.405332
411426,116.137512,34.243523
411481,116.455566,33.934801
411502,114.065581,32.122554
411503,114.132407,32.107325
411521,114.51953,32.20915
411522,114.925533,32.015907
411523,115.942426,38.941734
411524,115.413513,31.804345
411525,115.660488,32.174174
411526,115.058471,32.137531
411527,115.426439,32.47947
411528,114.747453,32.348956
411602,114.657602,33.652997
411621,114.40151,34.065906
411622,114.535597,33.773215
411623,114.618416,33.548877
411624,115.105455,33.415691
411625,115.183478,33.650828
411627,114.844384,34.070038
411628,115.490585,33.867173
411681,114.881514,33.473007
411702,114.000387,32.97952
411721,114.027474,33.393861
411722,114.270487,33.268511
411723,114.625429,32.967982
411724,114.399497,32.611641
411725,114.032495,32.808176
411726,113.333558,32.729731
411727,114.369409,33.013141
411728,114.019441,33.151971
411729,114.992469,32.755269
419001,112.608581,35.072907
420102,114.316579,30.605403
420103,114.277506,30.607282
420104,114.22146,30.587584
420105,114.225446,30.560052
420106,114.322549,30.559567
420107,109.907416,40.649473
420111,114.350456,30.506334
420112,114.143459,30.62592
420113,114.091515,30.314809
420114,114.03548,30.588114
420115,114.328551,30.381564
420116,114.382454,30.887534
420117,114.807543,30.847244
420202,115.072417,30.229053
420203,115.116481,30.210695
420204,114.967416,30.180046
420205,114.907571,30.212251
420222,115.221427,29.836542
420281,114.986436,30.101668
420302,110.81958,32.597287
420303,110.775424,32.6584
420304,110.818577,32.840592
420322,110.432473,32.999167
420323,110.235582,32.230304
420324,109.721542,32.32412
420325,110.747462,32.061685
420381,111.519532,32.546253
420502,111.29256,30.716749
420503,111.367422,30.650737
420504,111.274471,30.69933
420505,111.441574,30.536466
420506,111.33253,30.774833
420525,111.64653,31.066628
420526,110.753446,31.354464
420527,110.984449,30.831932
420528,111.213507,30.478646
420529,111.052581,30.171156
420581,111.456516,30.384404
420582,111.794569,30.826989
420583,111.76654,30.431731
420602,112.140572,32.016175
420606,112.142599,32.050572
420607,112.218434,32.093376
420624,111.845386,31.78113
420625,111.659576,32.268983
420626,111.267441,31.883847
420682,111.681556,32.39246
420683,112.778471,32.13473
420684,112.264611,31.72547
420702,114.691507,30.105907
420703,114.736426,30.5406
420704,114.8986,30.406389
420802,112.208388,31.058429
420804,112.214428,30.979911
420822,112.595485,30.715315
420881,112.594471,31.17403
420902,113.91749,30.922978
420921,114.004409,31.26454
420922,114.133413,31.56722
420923,113.759412,31.027218
420981,113.579567,30.933977
420982,113.695583,31.261415
420984,113.845549,30.666914
421002,112.261577,30.316572
421003,112.196414,30.358989
421022,112.236502,30.064401
421024,112.431452,30.048043
421081,112.43142,29.727034
421083,113.482553,29.83277
421087,111.77358,30.175342
421102,114.886532,30.440224
421121,114.878524,30.649368
421122,114.624426,31.294297
421123,115.405547,30.78891
421124,115.687422,30.74135
421125,115.271569,30.457461
421126,115.442399,30.232535
421127,115.950462,30.076605
421181,115.016562,31.176996
421182,115.567392,29.850441
421202,114.30457,29.858154
421221,113.94557,29.976354
421222,113.823568,29.250858
421223,114.046563,29.561334
421224,114.489393,29.612634
421281,113.906437,29.730666
421303,113.377513,31.722123
421321,113.377513,31.722123
421381,113.832593,31.622476
422801,109.48655,30.301037
422802,108.942481,30.297203
422822,109.728556,30.607907
422823,110.347575,31.048064
422825,109.497568,29.992604
422826,109.146608,29.671078
422827,109.413495,29.499444
422828,110.040424,29.896116
429004,113.461591,30.368272
429005,112.905474,30.408358
429006,113.172409,30.669622
429021,110.682525,31.750496
430102,113.039408,28.191913
430103,112.996592,28.118211
430104,112.937448,28.241489
430105,112.992585,28.261379
430111,113.042422,28.142233
430112,112.824466,28.367403
430121,113.087559,28.251818
430181,113.649398,28.169832
430202,113.180452,27.862156
430203,113.158419,27.791509
430204,113.124568,27.880705
430211,113.089541,27.833084
430223,113.351578,27.005772
430224,113.545472,26.783589
430225,113.779419,26.496061
430281,113.503483,27.652325
430302,112.91345,27.862467
430304,112.975589,27.877721
430321,112.957505,27.784983
430381,112.541492,27.740191
430382,112.533499,27.921044
430405,112.626594,26.900265
430406,112.623588,26.894368
430407,112.60453,26.948962
430408,112.573444,26.91772
430412,112.745574,27.23836
430421,112.377553,26.975295
430422,112.684403,26.744532
430423,112.875563,27.235996
430424,112.959495,27.087043
430426,112.096447,26.805995
430481,112.866597,26.428066
430482,112.405561,26.42672
430502,111.503442,27.239109
430503,111.445528,27.227014
430511,111.458497,27.251536
430522,111.464449,27.327132
430523,111.280508,26.996528
430524,111.039507,27.119946
430525,110.582579,27.065975
430527,110.16242,26.588423
430528,110.863491,26.439724
430529,110.328537,26.396203
430581,110.638408,26.732899
430602,113.136481,29.377995
430603,113.278407,29.479907
430611,113.012517,29.467129
430621,113.122544,29.150269
430623,112.547462,29.536286
430624,112.889522,28.676676
430626,113.587604,28.707564
430681,113.073493,28.812455
430682,113.456562,29.482801
430702,111.689545,29.060783
430703,111.687522,29.024443
430721,112.177506,29.41732
430722,111.976412,28.912288
430723,111.765534,29.638946
430724,111.653585,29.446544
430725,111.495407,28.908694
430726,111.386451,29.590366
430781,111.884517,29.611259
430802,116.892447,24.869137
430811,110.557499,29.351681
430821,111.145471,29.435987
430822,110.170413,29.405923
430902,112.330435,28.597235
430903,112.380598,28.584984
430921,118.680405,39.510045
430922,112.162541,28.523871
430923,111.219493,28.380054
430981,112.360532,28.850234
431002,113.017482,25.790815
431003,113.048423,25.806737
431021,112.74056,25.759775
431022,112.955479,25.405714
431023,113.122533,26.132968
431024,112.375584,25.593422
431025,112.570411,25.282527
431026,113.691545,25.556057
431027,113.951594,26.083174
431028,113.275424,26.715683
431081,113.242556,25.981874
431102,111.637502,26.227682
431103,111.598426,26.467706
431122,111.323542,26.398288
431123,111.667594,25.967169
431124,111.607404,25.53253
431125,111.350437,25.279721
431126,111.952453,25.577052
431127,112.203435,25.375935
431128,112.210409,25.909826
431129,111.585452,25.191349
431202,110.0464,27.585226
431221,109.951462,27.446081
431222,110.400431,28.459018
431223,110.190487,28.012605
431224,110.601551,27.913963
431225,109.741586,26.893384
431226,109.809436,27.87193
431227,109.181472,27.358783
431228,109.691402,27.449513
431229,109.702452,26.581321
431230,109.790445,26.16422
431281,109.84351,27.215077
431302,112.008558,27.735605
431321,112.18146,27.462983
431322,111.334515,27.732667
431381,111.44154,27.692059
431382,111.670562,27.698168
433101,109.704449,28.267493
433122,110.226599,28.221873
433123,109.605527,27.953848
433124,109.488562,28.57791
433125,109.666474,28.705969
433126,109.957507,28.623084
433127,109.863586,28.985774
433130,109.450416,29.464122
440103,113.250502,23.131791
440104,113.273426,23.13526
440105,113.32354,23.088981
440106,113.368509,23.130358
440111,113.279433,23.164317
440112,113.466563,23.112058
440113,113.39047,22.943831
440114,113.226576,23.411162
440115,113.531436,22.807929
440117,113.593585,23.553986
440118,113.817546,23.266592
440203,113.594556,24.798486
440204,113.617477,24.810414
440205,113.611501,24.688408
440222,114.068567,24.958558
440224,113.755443,25.092288
440229,114.136427,24.356594
440232,113.282431,24.782333
440233,114.213512,24.065547
440281,113.354579,25.135592
440282,114.318579,25.123527
440303,114.137432,22.554485
440304,114.061547,22.528466
440305,130.29354,47.321246
440306,113.890427,22.560033
440307,114.254455,22.726017
440308,114.24343,22.563438
440309,110.335541,20.036321
440402,113.550472,22.273004
440403,113.303467,22.215516
440404,113.369517,22.152577
440507,116.723525,23.377776
440511,116.70955,23.37175
440512,116.733517,23.291546
440513,116.608515,23.270855
440514,116.439491,23.256341
440515,116.762425,23.472341
440523,117.030496,23.427812
440604,113.129505,23.015374
440605,113.149446,23.035011
440606,113.300453,22.810453
440607,112.903471,23.16192
440608,112.899472,22.90635
440703,113.084546,22.601066
440704,113.117557,22.566115
440705,113.038455,22.465113
440781,112.800445,22.257923
440783,112.704464,22.382499
440784,112.970527,22.771169
440785,112.311438,22.189035
440802,110.372533,21.272135
440803,110.404425,21.198227
440804,110.462567,21.250377
440811,110.340579,21.269189
440823,110.256515,21.383103
440825,110.182473,20.331724
440881,110.292448,21.615816
440882,110.102581,20.919881
440883,110.78645,21.447263
440902,110.925546,21.647152
440904,111.020471,21.520351
440981,110.859474,21.924049
440982,110.646431,21.670231
440983,110.953582,22.360093
441202,112.49156,23.057564
441203,112.574434,23.164308
441204,112.464446,23.031896
441223,112.447424,23.641036
441224,112.191469,23.917842
441225,111.518526,23.429769
441226,111.791554,23.151373
441284,112.740579,23.332381
441302,114.38949,23.089726
441303,114.463464,22.794721
441322,114.296573,23.178806
441323,114.726426,22.991443
441324,114.26143,23.733838
441402,116.123536,24.315879
441403,116.088562,24.270999
441422,116.701559,24.353459
441423,116.188454,23.745738
441424,115.782485,23.938409
441426,115.897477,24.572414
441427,116.177439,24.664993
441481,115.737579,24.142294
441502,116.422401,39.934827
441521,115.329445,22.972744
441523,115.666483,23.307677
441581,115.65849,22.923636
441602,114.708439,23.740298
441621,115.190448,23.64143
441622,115.266555,24.105851
441623,114.495444,24.375808
441624,114.945449,24.448253
441625,114.753508,23.794258
441702,111.961455,21.868128
441704,112.018579,21.873997
441721,111.624481,21.758701
441781,111.797536,22.176015
441802,113.069477,23.704022
441803,112.991558,23.75427
441821,113.538441,23.885475
441823,112.64752,24.470944
441825,112.100426,24.576846
441826,112.293517,24.731549
441881,113.421443,24.191939
441882,112.383573,24.786467
441900,113.75842,23.027308
442000,113.399422,22.522315
445102,116.634462,23.680687
445103,116.684526,23.468357
445122,117.010449,23.670347
445202,116.373516,23.530746
445203,116.418456,23.572485
445222,115.848561,23.4373
445224,116.301444,23.039645
445281,116.172449,23.303635
445302,112.050529,22.933898
445303,112.009563,23.076893
445321,112.231497,22.70189
445322,111.541554,23.240174
445381,111.57648,22.774296
450102,108.375445,22.860291
450103,108.501439,22.792227
450105,108.279494,22.787046
450107,108.319572,22.839652
450108,108.327516,22.762849
450109,108.49342,22.7646
450110,108.281517,23.164516
450123,107.702574,23.171585
450124,108.183562,23.713878
450125,108.611451,23.438519
450126,108.816502,23.223701
450202,109.417482,24.321314
450203,109.449416,24.318522
450204,109.391552,24.341579
450205,109.408532,24.367867
450206,109.332444,24.260815
450222,109.251562,24.65637
450223,109.757554,24.478622
450224,109.404563,25.230511
450225,109.262561,25.072077
450226,109.614547,25.78883
450302,110.270437,25.279618
450303,110.308463,25.320233
450304,110.287423,25.26793
450305,110.324538,25.258567
450311,110.315479,25.066214
450312,110.218587,25.244302
450321,110.503475,24.784519
450323,110.332537,25.41555
450324,111.079569,25.934343
450325,110.678516,25.617567
450326,109.989591,24.985578
450327,111.167552,25.495121
450328,110.017494,25.804117
450329,110.658439,26.048569
450330,110.649446,24.639632
450332,110.83456,24.837194
450403,111.32752,23.478846
450405,111.281499,23.49151
450406,111.285517,23.482745
450421,111.555547,23.845998
450422,110.921499,23.38101
450423,110.531417,24.200017
450481,111.001432,22.924621
450502,109.124521,21.481066
450503,109.146545,21.454769
450512,109.428473,21.535295
450521,109.213439,21.667006
450602,108.386483,21.649566
450603,108.360448,21.775411
450621,107.990443,22.159914
450681,107.977489,21.553615
450702,108.664549,21.945972
450703,108.638513,22.020367
450721,109.297478,22.422413
450722,109.563423,22.277822
450802,109.578433,23.117564
450803,109.606553,23.08124
450804,109.459427,23.133251
450821,110.398452,23.545506
450881,110.085526,23.400049
450902,110.157431,22.634493
450903,110.157431,22.634493
450921,112.547462,29.536286
450922,110.270456,22.327222
450923,109.982553,22.278675
450924,109.881552,22.742268
450981,110.36057,22.713958
451002,106.625589,23.907085
451022,107.132499,23.60313
451024,106.621583,23.328994
451026,105.839423,23.393794
451027,106.568416,24.354015
451028,106.56343,24.783216
451029,106.234498,24.300535
451030,105.100494,24.495668
451031,105.350459,24.776814
451081,106.424453,23.140126
451102,111.558567,24.417531
451103,111.478414,24.462001
451121,110.817575,24.175106
451122,111.309586,24.531673
451123,111.284511,24.82016
451202,108.043507,24.695679
451221,107.54748,24.98185
451222,107.178456,25.005664
451223,107.04842,24.553218
451224,107.380504,24.516871
451225,108.911574,24.783085
451226,108.264443,24.832088
451227,107.266481,24.147265
451228,108.111458,23.937331
451229,108.004411,23.742818
451302,109.241499,23.733211
451321,108.672562,24.071889
451322,109.711462,23.979681
451323,109.669442,23.600404
451324,110.195506,24.136319
451381,108.892566,23.81226
451402,107.359533,22.411246
451421,107.910465,22.641097
451422,107.083524,22.145885
451423,106.860582,22.348299
451424,107.207557,22.836229
451425,107.149473,23.087506
451481,106.773524,22.100153
460105,110.300436,20.013642
460106,110.335541,20.036321
460107,110.360526,20.009151
460108,110.373498,20.034646
460202,109.7235,18.337879
460203,109.7235,18.337879
460204,109.7235,18.337879
460205,109.7235,18.337879
460400,109.587456,19.527146
469001,109.52354,18.780994
469002,110.480545,19.264254
469005,110.804509,19.549062
469006,110.399434,18.800107
469007,108.658567,19.101105
469021,110.365533,19.68712
469022,110.108577,19.357375
469023,110.013511,19.744349
469024,109.697443,19.919475
469025,109.457471,19.231379
469026,109.062464,19.303998
469027,109.180508,18.755871
469028,110.044464,18.512332
469029,109.703482,18.64691
469030,109.844511,19.039164
500101,108.415558,30.813622
500102,107.39642,29.709278
500103,106.57544,29.55909
500104,106.488534,29.490107
500105,121.560421,29.892948
500106,106.464465,29.547193
500107,106.517559,29.507928
500108,106.66843,29.502683
500109,106.403569,29.811603
500110,106.657484,29.034114
500111,105.728405,29.713114
500112,106.637559,29.723927
500113,106.547454,29.408475
500114,108.777591,29.538813
500115,107.087531,29.86352
500116,106.265598,29.295884
500117,106.282541,29.978181
500118,105.933499,29.362046
500119,107.105585,29.163479
500120,106.233475,29.598347
500151,106.063449,29.850509
500152,105.847399,30.197314
500153,105.60142,29.411307
500154,108.399498,31.166644
500229,108.671612,31.953391
500230,107.737481,29.869413
500231,107.339566,30.333294
500233,107.478814,30.278161
500235,108.703448,30.936611
500236,109.470473,31.024602
500237,109.885546,31.080519
500238,109.576403,31.40488
500240,109.576403,31.40488
500241,109.013574,28.453448
500242,108.774586,28.84704
500243,108.172578,29.299462
510104,104.089562,30.661904
510105,104.067445,30.680038
510106,104.057404,30.697356
510107,104.049424,30.648713
510108,104.108592,30.665589
510112,104.281397,30.562698
510113,104.257512,30.884421
510114,104.165393,30.829407
510115,103.863573,30.688487
510116,103.930392,30.580399
510121,104.418443,30.868358
510129,103.52753,30.593155
510131,103.512571,30.2025
510181,103.653534,30.994257
510182,103.965561,30.995564
510183,103.470481,30.416399
510184,103.679433,30.636596
510185,104.569516,30.3766
510302,104.783447,29.343499
510303,104.721557,29.351476
510304,104.780416,29.369929
510311,104.880409,29.278797
510321,110.844576,35.421109
510322,104.981494,29.186886
510402,117.258413,39.134487
510403,117.229416,39.115718
510411,101.74445,26.504019
510421,102.11644,26.896968
510422,101.860499,26.688767
510502,105.441545,28.884672
510503,105.377409,28.77936
510504,105.444544,28.919012
510521,105.388456,29.157626
510522,105.838432,28.817793
510524,105.451508,28.161714
510525,105.819471,28.044745
510603,104.423439,31.148596
510623,104.68553,31.038954
510681,104.288422,30.982415
510682,104.174427,31.132889
510683,104.227609,31.343592
510703,104.76342,31.461314
510704,104.772429,31.479904
510705,104.573555,31.540751
510722,105.10149,31.101586
510723,105.395503,31.214319
510725,105.177567,31.648313
510726,104.361586,31.963084
510727,104.535422,32.414682
510781,104.752412,31.784128
510802,105.852426,32.440208
510811,105.969419,32.329618
510812,105.896589,32.649726
510821,106.296491,32.235097
510822,105.245407,32.581617
510823,105.531576,32.293479
510824,105.941483,31.738684
510903,105.574523,30.531471
510904,105.462467,30.361496
510921,105.713446,30.763751
510923,105.243404,30.60081
511002,117.004399,36.657552
511011,105.082547,29.598486
511024,104.674498,29.533635
511025,104.858495,29.770234
511102,117.004399,36.657552
511111,103.556436,29.419272
511112,103.824455,29.413185
511113,103.085394,29.250804
511123,103.955507,29.214219
511124,104.076511,29.657303
511126,103.57841,29.743846
511129,103.908467,28.962888
511132,103.268577,29.236089
511133,103.552454,28.841736
511181,103.491546,29.606976
511302,106.098411,30.802753
511303,106.12554,30.787255
511304,106.078433,30.764896
511321,106.043578,31.353705
511322,106.572408,31.083003
511323,106.418482,31.034631
511324,106.30943,31.277597
511325,105.907611,31.000688
511381,106.011565,31.564075
511402,103.838525,30.048272
511403,103.879558,30.198854
511421,104.140477,30.001664
511423,103.379602,29.910616
511424,103.519583,30.020363
511425,103.853559,29.837055
511502,104.626438,28.772052
511503,104.976513,28.851504
511523,105.073595,28.72961
511524,104.927564,28.588133
511525,113.755414,40.367392
511526,104.715575,28.44432
511527,104.517406,28.170174
511528,105.242402,28.309905
511529,104.05945,28.707647
511602,106.648531,30.479768
511603,106.639553,30.461746
511621,106.446411,30.54412
511622,106.302462,30.355496
511623,106.936403,30.341073
511681,106.789462,30.396307
511702,107.511447,31.220932
511703,107.518411,31.202393
511722,107.733534,31.359755
511723,107.875425,31.089372
511724,107.21158,30.742077
511725,106.979583,30.842299
511781,108.041541,32.087421
511802,103.039575,30.011062
511803,103.115486,30.075914
511822,102.853436,29.799194
511823,102.658576,29.350217
511824,102.366405,29.234305
511825,102.76453,30.072473
511826,102.934528,30.149873
511827,102.821484,30.374082
511902,106.775513,31.857686
511903,106.775513,31.857686
511921,107.251517,31.917714
511922,106.834483,32.352532
511923,107.110593,31.566186
512002,104.658424,30.123753
512021,105.342454,30.103393
512022,105.027477,30.282348
513201,102.213502,31.911748
513221,103.596518,31.483005
513222,103.173511,31.44255
513223,103.85959,31.686809
513224,103.61058,32.661797
513225,104.249547,33.257592
513226,102.07061,31.482006
513227,102.369426,31.002209
513228,102.996517,32.067805
513230,100.985583,32.271093
513231,101.71361,32.908221
513232,102.974391,33.584377
513233,102.550615,32.796605
513301,101.963555,30.004407
513322,102.241432,29.920402
513323,101.896437,30.88477
513324,101.896437,30.88477
513325,101.0205,30.037569
513326,101.13154,30.985326
513327,100.682397,31.397992
513328,99.99921,31.628957
513329,100.318398,30.94547
513330,98.587402,31.812106
513331,98.8311,31.215314
513332,98.109481,32.984003
513333,100.339414,32.27433
513334,100.275575,30.000031
513335,99.116727,30.011662
513336,99.80506,28.936733
513337,100.304462,29.043122
513338,99.292984,28.71878
513401,102.271484,27.900581
513422,101.286397,27.934599
513423,101.515429,27.428155
513424,102.182596,27.408504
513426,102.584462,26.640824
513427,102.762526,27.064605
513428,102.546597,27.381996
513429,102.818478,27.712129
513430,103.254549,27.702145
513431,102.849423,28.020506
513432,102.419567,28.31271
513433,102.183575,28.555294
513434,102.514474,28.645828
513435,102.778597,28.964823
513436,103.138586,28.33402
513437,103.578429,28.268951
520102,106.720528,26.574336
520103,106.730535,26.610381
520111,106.676441,26.415879
520112,106.757558,26.636529
520113,113.279433,23.164317
520115,106.757558,26.636529
520121,106.97156,27.063674
520122,106.747562,27.096475
520123,106.598492,26.844862
520181,106.477523,26.561988
520201,104.85053,26.580704
520203,105.483429,26.219214
520302,106.900497,27.65087
520303,106.940458,27.756343
520304,106.836504,27.542501
520322,106.832489,28.139468
520323,107.197492,27.95308
520324,107.460575,28.559092
520325,107.619484,28.86865
520326,107.905456,28.569077
520327,107.723548,27.960695
520328,107.472599,27.754498
520329,107.91146,27.221379
520330,106.203428,28.339118
520381,105.703489,28.596119
520382,106.407527,27.797752
520402,105.972406,26.251498
520403,106.263584,26.411186
520422,105.748486,26.308233
520423,105.776583,26.063829
520424,105.625476,25.949877
520425,106.090414,25.757409
520502,105.311581,27.304095
520521,105.611399,27.165261
520523,106.226442,27.465355
520524,105.77759,26.669222
520525,105.389487,26.783717
520526,104.282508,26.875711
520527,104.733516,27.129052
520602,109.187435,27.696773
520603,109.187435,27.696773
520621,108.857371,27.699558
520622,109.024903,27.455339
520623,108.230464,27.519722
520624,109.195295,27.743042
520625,108.415088,27.999307
520626,108.126401,28.270733
520627,108.50793,28.570124
520628,109.134326,27.875214
522301,104.902461,25.098113
522323,104.959546,25.789952
522324,105.225484,25.841048
522325,105.65656,25.392124
522326,106.106445,25.184355
522327,105.818511,24.989637
522328,105.449543,25.10399
522601,107.987469,26.573079
522622,107.923548,26.911289
522623,108.13044,27.039822
522624,108.681545,26.958666
522625,108.436581,27.054821
522626,108.822481,27.179902
522627,109.214446,26.915804
522628,109.207438,26.682632
522629,108.447517,26.734048
522630,108.328552,26.672373
522631,109.143567,26.236874
522632,108.527554,25.937725
522633,108.911561,25.759881
522634,108.084529,26.384205
522635,107.595551,26.496808
522636,107.795513,26.204421
522701,107.525404,26.266118
522702,107.526433,26.692526
522722,107.893409,25.417098
522723,107.240554,26.59066
522725,107.477552,27.084126
522726,107.551498,25.828288
522727,107.329567,25.828202
522728,106.758548,25.430838
522729,106.458421,26.028455
522730,106.986586,26.459081
522731,106.663453,26.13821
522732,107.876429,25.989479
530102,102.713423,25.049835
530103,102.758526,25.122372
530111,102.750482,25.021196
530112,102.671557,25.043199
530113,103.194452,26.089054
530114,102.827473,24.891871
530124,102.504473,25.228085
530125,103.147558,24.925287
530126,103.296508,24.777702
530127,103.043564,25.344409
530128,102.477423,25.557672
530129,103.263574,25.563894
530181,102.484409,24.925602
530302,103.81143,25.502102
530303,103.828485,25.606631
530322,103.673432,25.035639
530323,103.991556,24.827995
530324,104.31551,24.89052
530325,104.261474,25.68028
530326,103.303487,26.424215
530381,104.111576,26.225598
530402,102.551565,24.359801
530403,102.760527,24.293439
530423,102.732423,24.117891
530424,102.935492,24.198581
530425,102.169535,24.677404
530426,102.412565,24.174774
530427,101.996428,24.076263
530428,102.004415,23.603001
530502,99.172071,25.126888
530521,99.195469,24.728835
530523,98.69575,24.592547
530524,99.611617,24.833985
530581,98.497595,25.026617
530602,103.71347,27.326144
530621,103.564412,27.193107
530622,102.936519,26.914705
530623,104.241579,28.114384
530624,103.897515,27.754021
530625,103.644569,28.234722
530626,103.964552,28.604278
530627,104.880404,27.447795
530628,104.054443,27.63169
530629,105.055577,27.852537
530702,100.23248,26.883162
530721,100.243527,26.827392
530722,100.757581,26.68995
530723,101.27243,26.635223
530724,100.85859,27.287728
530802,100.983555,22.792498
530821,101.052442,23.05459
530822,101.698584,23.437726
530823,100.838489,24.451864
530824,100.838489,24.451864
530825,101.115569,24.010331
530826,101.868479,22.591684
530827,99.590963,22.335308
530828,99.938588,22.561832
530829,99.596622,22.650656
530902,100.088443,23.901402
530921,99.934989,24.586472
530922,112.709463,40.019623
530923,99.265076,24.024871
530924,98.831871,23.768315
530925,99.834131,23.479837
530926,99.403942,23.543491
530927,99.252722,23.152879
532301,101.552472,25.03886
532322,101.552472,25.03886
532323,101.553481,25.318846
532324,101.280421,25.198587
532325,101.248527,25.509775
532326,101.330567,25.727601
532327,101.672493,26.055566
532328,101.880445,25.710895
532329,102.410532,25.53609
532501,103.166519,23.364942
532502,103.166519,23.364942
532503,103.371546,23.40208
532504,103.421489,24.417982
532523,103.693432,22.98999
532524,102.83344,23.640939
532525,102.502447,23.712004
532527,103.772523,24.538037
532528,102.841433,23.226198
532529,102.427551,23.374489
532530,102.427551,23.374489
532531,102.398494,23.000165
532532,103.945444,22.535466
532601,104.238544,23.391944
532622,104.343551,23.611487
532623,104.678525,23.443271
532624,104.709549,23.131586
532625,104.400415,23.018994
532626,104.173442,24.056994
532627,105.061582,24.052199
532628,105.63749,23.63138
532801,100.806443,22.017004
532822,100.459446,21.963434
532823,101.571528,21.465281
532901,100.236519,25.597605
532922,100.236519,25.597605
532923,100.557447,25.489873
532924,100.578457,25.835249
532925,100.497586,25.349336
532926,100.497586,25.349336
532927,100.31346,25.233439
532928,99.547495,25.470206
532929,99.377416,25.891945
532930,99.96921,26.120093
532931,99.912091,26.542517
532932,100.182492,26.566197
533102,97.862486,24.022817
533103,97.862486,24.022817
533122,98.303134,24.810784
533123,97.938427,24.711534
533124,97.79853,24.189468
533301,98.864586,25.829027
533323,98.875649,26.908055
533324,98.672399,27.747068
533325,99.423285,26.459208
533401,99.707445,27.83576
533422,98.924453,28.470086
533423,99.293466,27.18317
540102,91.1451,29.658331
540103,91.009963,29.651626
540121,91.269501,29.898733
540122,91.107452,30.479222
540123,90.17118,29.437519
540124,90.749959,29.358987
540127,91.737266,29.839753
540202,88.902952,29.255583
540221,89.108283,29.688959
540222,89.614958,28.916435
540223,88.859425,29.004648
540224,88.02935,28.907594
540225,88.893863,29.273927
540226,88.88319,29.271424
540227,88.267177,29.436132
540228,89.267941,29.116209
540229,89.848427,29.236361
540230,89.688245,28.561444
540231,87.772377,28.369911
540232,84.038117,29.775982
540233,88.896978,29.275644
540234,88.662548,29.401862
540235,88.889064,29.275236
540236,88.647947,29.079969
540237,89.322529,29.277094
540302,97.186654,31.144249
540321,98.224424,31.505147
540322,98.277334,30.865967
540323,96.608489,31.22509
540324,97.177402,31.149643
540325,97.575976,30.660119
540326,96.931495,30.061833
540327,97.847367,29.676849
540328,96.848134,30.738561
540329,97.399916,31.06774
540330,94.714371,30.939625
540402,94.367544,29.641645
540421,93.25242,29.891368
540423,95.339495,29.330938
540424,95.7739,29.86506
540425,97.47327,28.667444
540426,89.267941,29.116209
540502,91.778682,29.234229
540521,91.343627,29.251164
540522,91.343627,29.251164
540523,92.021252,29.267104
540524,91.690101,29.030866
540525,92.205435,29.071107
540526,91.439918,28.444258
540527,90.855029,28.391993
540528,92.601582,29.144787
540529,92.469078,28.414441
540531,90.404647,28.973992
540621,93.238732,30.647062
540622,93.685966,31.486357
540623,92.308654,32.113707
540624,91.688891,32.271268
540625,88.716481,30.936393
540626,93.792173,31.892424
540627,90.016708,31.398728
540628,94.059882,31.924549
540629,87.243292,31.790953
540630,87.243292,31.790953
542521,81.183095,30.300163
542522,79.809323,31.485343
542523,80.102877,32.497157
542524,79.739109,33.387186
542525,81.151664,32.393356
542526,84.069113,32.308357
542527,84.069113,32.308357
610102,111.67162,40.863877
610103,108.940498,34.236474
610104,108.950426,34.271017
610111,109.071415,34.279128
610112,108.953401,34.299148
610113,108.95144,34.220635
610114,109.232463,34.668363
610115,109.220436,34.372747
610116,114.545612,38.043256
610117,109.094387,34.541093
610122,109.329388,34.157621
610124,108.228422,34.169385
610202,109.081417,35.075322
610203,109.106434,35.120859
610204,108.986438,34.91596
610222,109.123537,35.404582
610302,107.156419,34.377481
610303,107.153424,34.382351
610304,107.393438,34.360756
610323,107.627447,34.449777
610324,107.906453,34.381463
610326,107.756398,34.280376
610327,106.30943,31.277597
610328,107.139466,34.648545
610329,107.799514,34.683749
610330,109.413495,29.499444
610331,107.325529,34.064248
610402,108.712432,34.335145
610403,108.091515,34.278013
610404,108.743451,34.36811
610422,108.947447,34.623079
610423,108.849379,34.533317
610424,108.245378,34.534018
610425,108.431615,34.487391
610426,108.148469,34.698036
610428,107.805561,35.211657
610429,108.340467,35.117964
610430,108.587442,34.804777
610431,108.206551,34.266138
610481,108.496394,34.305477
610502,109.498596,34.504
610503,109.778477,34.518731
610522,110.252508,34.550327
610523,109.948453,34.801833
610524,110.155396,35.243872
610525,109.938434,35.196573
610526,109.592497,34.961274
610527,109.597521,35.183288
610528,109.186437,34.75726
610581,110.449553,35.482087
610582,110.098601,34.5718
610602,109.499594,36.59689
610603,109.335419,36.870098
610621,110.018472,36.585329
610622,110.20054,36.884137
610625,108.775577,36.828021
610626,108.18259,36.932576
610627,109.357524,36.282689
610628,104.422433,28.636107
610629,109.438404,35.7683
610630,110.175413,36.056397
610631,109.846549,35.590234
610632,109.269606,35.585076
610702,107.038402,33.074191
610722,107.340613,33.162399
610723,112.595485,30.715315
610724,107.773393,32.989397
610725,106.679426,33.159805
610726,106.264589,32.83538
610727,106.163544,33.333194
610728,107.901446,32.542833
610729,106.927414,33.623825
610730,107.997424,33.530693
610802,109.727559,38.28242
610803,109.300491,37.968573
610822,111.073628,39.033796
610824,108.8006,37.605063
610825,107.60757,37.60046
610826,110.269426,37.508907
610827,110.190451,37.761398
610828,110.497477,38.025612
610829,110.746455,37.45827
610830,110.127559,37.094853
610831,110.042398,37.617026
610902,109.033596,32.701196
610921,108.515507,32.899121
610922,108.254427,33.044602
610923,108.320564,33.316555
610924,108.541594,32.525786
610925,108.908615,32.312881
610926,109.368547,32.394804
610927,109.533497,31.889643
610929,110.119587,32.814846
611002,109.947472,33.868855
611021,110.154427,34.097071
611022,110.33356,33.701537
611023,110.888408,33.537533
611024,109.888549,33.537968
611025,109.159575,33.429045
611026,109.120502,33.692026
620102,91.1451,29.658331
620103,103.792414,36.072129
620104,103.63458,36.094109
620105,103.725535,36.109754
620111,102.865428,36.351863
620121,103.266624,36.742095
620122,103.953464,36.338142
620123,104.119566,35.848851
620201,98.296204,39.77796
620302,102.200586,38.525772
620321,101.979464,38.252941
620402,104.155413,36.541464
620403,104.831614,36.733499
620421,104.682515,36.577096
620422,105.059607,35.698508
620423,104.069444,37.187406
620502,105.730415,34.587316
620503,105.895597,34.576337
620521,106.143595,34.753883
620522,105.681575,34.864876
620523,105.342475,34.7383
620524,104.897428,34.727669
620525,106.21139,34.994905
620602,102.648575,37.934122
620621,103.1004,38.630625
620622,102.90363,37.475802
620623,103.148621,36.977596
620702,100.484558,38.934781
620721,99.621905,38.8431
620722,100.819429,38.436842
620723,100.170555,39.158514
620724,99.82576,39.383646
620725,101.095616,38.790453
620802,106.681415,35.548815
620821,107.374518,35.338669
620822,107.627461,35.071582
620823,107.041415,35.308616
620825,106.042586,35.208192
620826,105.738416,35.528257
620902,98.514322,39.751246
620921,98.908368,39.990029
620922,95.788736,40.526106
620923,94.883692,39.51833
620924,94.34676,39.640045
620981,97.051712,40.29762
620982,94.668527,40.147867
621002,107.657391,35.736864
621021,107.888406,36.021726
621022,121.238513,28.141863
621023,107.99639,36.467575
621024,108.026447,35.825262
621025,108.366375,35.498219
621026,115.836518,38.428906
621027,107.207576,35.683231
621102,104.6165,35.5856
621121,105.248404,35.217217
621122,104.641381,35.010197
621123,104.221584,35.142392
621124,103.865601,35.400587
621125,114.626427,36.340766
621126,104.043396,34.444408
621202,104.932593,33.398072
621221,120.097488,27.793217
621222,105.242402,28.309905
621223,104.399386,34.053486
621224,114.844384,34.070038
621225,105.30761,34.016787
621226,105.183591,34.194685
621227,106.094418,33.775194
621228,106.311419,33.915123
622901,103.249549,35.609899
622921,103.002514,35.497398
622922,103.715476,35.37611
622923,103.292507,35.96333
622924,103.58241,35.494101
622925,103.357524,35.43059
622926,103.395613,35.66933
622927,102.882518,35.723499
623001,102.917572,35.005935
623021,103.360533,34.698639
623022,103.513616,34.594916
623023,104.37749,33.790815
623024,103.22844,34.06202
623025,102.0786,34.003358
623026,102.494424,34.597087
623027,102.528577,35.208324
630102,101.809569,36.605708
630103,109.417482,24.321314
630104,101.772414,36.634497
630105,101.772405,36.656294
630121,101.692564,36.932666
630123,101.262449,36.688588
630202,102.408566,36.48782
630203,102.114428,36.506554
630222,102.83639,36.325561
630223,101.964569,36.850022
630224,102.270448,36.100988
630225,102.495385,35.856667
632221,101.628438,37.382181
632222,100.259622,38.182925
632223,101.000586,36.902376
632224,100.153606,37.32732
632322,102.037507,35.944284
632323,101.473595,35.042014
632324,101.622473,34.740396
632521,100.626623,36.288703
632522,100.585424,35.259858
632523,101.439533,36.046158
632524,99.99438,35.59463
632525,100.753593,35.592415
632621,100.245564,34.483569
632622,100.743605,32.938504
632623,99.907511,33.975004
632624,99.65801,33.754937
632625,101.488532,33.434773
632626,98.215884,34.920749
632701,97.015376,32.999556
632722,95.306965,32.899241
632723,97.115,33.374226
632724,95.619794,33.857953
632725,96.486918,32.209194
632726,95.80375,34.132299
632801,94.93331,36.412371
632802,97.36747,37.375346
632821,98.486736,36.935748
632822,98.102705,36.307611
632823,99.029243,37.306903
640104,106.295494,38.479579
640105,106.156581,38.496817
640106,106.249561,38.478695
640121,106.259605,38.283001
640122,106.356518,38.560407
640181,106.34644,38.108659
640202,106.37461,39.024848
640205,106.78843,39.245388
640221,106.536518,38.919607
640302,106.219407,37.990746
640303,106.068421,37.431882
640323,107.41338,37.789296
640324,105.920599,36.98627
640381,106.08537,38.027412
640402,106.294515,36.009368
640422,105.735386,35.970076
640423,106.118498,35.631762
640424,106.337393,35.504362
640425,106.644544,35.855405
640502,105.203571,37.505701
640521,105.691537,37.497421
640522,105.650555,36.570781
650102,87.638408,43.800271
650103,87.60467,43.807262
650104,87.575908,43.861394
650105,87.575908,43.861394
650106,87.434507,43.882653
650107,88.317398,43.369943
650109,87.662134,43.979247
650121,87.416029,43.477086
650202,84.893613,44.334407
650203,84.866222,45.596624
650204,85.13951,45.693952
650205,85.700305,46.095295
650402,89.192459,42.948549
650421,90.220094,42.874759
650422,88.660164,42.798546
650502,93.519883,42.825878
650521,93.022931,43.605689
650522,94.703826,43.260677
652301,87.273865,44.020127
652302,87.273865,44.020127
652323,86.905144,44.197655
652324,86.220643,44.310063
652325,89.601081,44.026898
652327,89.187123,44.005718
652328,90.292515,43.840308
652701,82.057972,44.86001
652702,82.057972,44.86001
652722,82.900655,44.606646
652723,81.031146,44.974857
652801,86.181494,41.732373
652822,86.181494,41.732373
652823,86.266037,41.350123
652824,88.175324,39.028991
652825,85.53599,38.151388
652826,86.581222,42.064851
652827,86.390398,42.329365
652828,86.883689,42.288065
652829,86.638469,41.98643
652901,80.269927,41.17386
652922,80.245564,41.282567
652924,82.788824,41.227749
652925,82.615823,41.554
652926,81.858516,41.800707
652927,79.230869,41.220871
652928,80.381849,40.649359
652929,79.053214,40.514055
653001,76.174906,39.722079
653022,75.953725,39.153889
653023,75.953725,39.153889
653024,75.265334,39.725124
653101,76.000313,39.47365
653121,75.869169,39.381292
653122,76.056614,39.406709
653123,76.182075,38.935671
653124,77.266559,38.190725
653125,77.252437,38.420157
653126,77.420098,37.889167
653127,77.658824,38.911194
653128,76.784148,39.239387
653129,76.730386,39.493852
653130,78.555701,39.790788
653131,75.230805,37.779046
653201,79.920212,37.118336
653221,79.866216,37.090362
653222,79.735479,37.282993
653223,78.289871,37.627249
653224,80.195388,37.079611
653225,80.813201,37.004122
653226,81.683783,36.862954
653227,82.702713,37.070257
654002,81.284242,43.915299
654003,84.909449,44.432057
654004,80.885281,44.06225
654021,81.533906,43.982909
654022,81.157925,43.84669
654023,80.885281,44.06225
654024,80.885281,44.06225
654025,83.267022,43.435927
654026,81.137378,43.163497
654027,81.842587,43.224248
654028,82.518007,43.804595
654201,82.985532,46.754347
654202,84.720088,44.424048
654221,83.633374,46.531885
654224,83.612909,45.942743
654225,82.989439,46.207454
654226,85.735009,46.798685
654301,88.139227,47.832753
654321,86.88136,47.707952
654322,89.531953,46.999951
654323,87.493157,47.118141
654324,86.424818,48.066149
654325,90.389444,46.680194
654326,85.880818,47.449018
659001,86.086886,44.311976
659002,81.287354,40.553264
659003,79.075616,39.871209
659004,87.549937,44.172445
659006,86.181494,41.732373
